timestamp,AAVE,ADA,BTC,DOGE,ETH,SOL
2021-02-05 15:00:00+00:00,0,0,0,0,1,0
2021-02-06 03:00:00+00:00,0,0,0,0,1,0
2021-02-07 03:00:00+00:00,0,0,1,0,1,0
2021-02-08 15:00:00+00:00,0,0,1,0,1,0
2021-02-17 00:00:00+00:00,0,0,1,0,1,0
2021-02-26 00:00:00+00:00,0,0,1,0,0,0
2021-03-09 21:00:00+00:00,0,0,0,0,1,0
2021-03-10 06:00:00+00:00,0,0,0,0,1,0
2021-03-13 06:00:00+00:00,0,0,1,0,1,0
2021-03-16 03:00:00+00:00,0,0,1,0,1,0
2021-03-23 06:00:00+00:00,0,0,1,0,1,0
2021-03-24 06:00:00+00:00,0,0,1,0,0,0
2021-04-04 03:00:00+00:00,0,0,0,0,0,0
2021-04-04 21:00:00+00:00,0,0,0,0,0,0
2021-04-05 09:00:00+00:00,0,0,0,0,0,0
2021-04-10 15:00:00+00:00,0,0,0,0,1,0
2021-04-12 09:00:00+00:00,0,0,1,0,1,0
2021-04-15 00:00:00+00:00,0,0,1,0,1,0
2021-04-17 15:00:00+00:00,0,0,1,0,1,0
2021-04-18 06:00:00+00:00,0,0,1,0,0,0
2021-04-21 15:00:00+00:00,0,0,0,0,1,0
2021-04-23 03:00:00+00:00,0,0,0,0,1,0
2021-04-24 12:00:00+00:00,0,0,0,0,1,0
2021-04-26 12:00:00+00:00,0,0,0,0,0,0
2021-05-01 03:00:00+00:00,0,0,0,0,0,0
2021-05-02 03:00:00+00:00,0,0,0,0,1,0
2021-05-02 09:00:00+00:00,0,0,0,0,1,0
2021-05-03 21:00:00+00:00,0,0,0,0,1,0
2021-05-04 15:00:00+00:00,0,0,0,0,1,0
2021-05-05 09:00:00+00:00,0,0,0,0,1,0
2021-05-06 09:00:00+00:00,0,0,1,0,0,0
2021-05-08 21:00:00+00:00,0,0,1,0,1,0
2021-05-10 15:00:00+00:00,0,0,1,0,1,0
2021-05-10 21:00:00+00:00,0,0,0,0,1,0
2021-05-11 00:00:00+00:00,0,0,0,0,1,0
2021-05-12 21:00:00+00:00,0,0,0,0,1,0
2021-05-13 00:00:00+00:00,0,0,0,0,1,0
2021-05-15 06:00:00+00:00,0,0,0,0,1,0
2021-05-15 18:00:00+00:00,0,0,0,0,1,0
2021-05-16 06:00:00+00:00,0,0,0,0,1,0
2021-05-24 21:00:00+00:00,0,0,1,0,1,0
2021-05-27 21:00:00+00:00,0,0,1,0,1,0
2021-05-28 09:00:00+00:00,0,0,1,0,0,0
2021-05-28 21:00:00+00:00,0,0,1,0,0,0
2021-06-13 21:00:00+00:00,0,0,0,0,1,0
2021-06-14 00:00:00+00:00,0,0,1,0,1,0
2021-06-16 12:00:00+00:00,0,0,1,0,1,0
2021-06-17 00:00:00+00:00,0,0,1,0,1,0
2021-06-18 12:00:00+00:00,0,0,1,0,0,0
2021-06-24 18:00:00+00:00,0,0,1,0,1,0
2021-06-25 09:00:00+00:00,0,0,1,0,1,0
2021-06-26 09:00:00+00:00,0,0,1,0,1,0
2021-06-30 00:00:00+00:00,0,0,1,0,1,0
2021-06-30 06:00:00+00:00,0,0,1,0,1,0
2021-07-01 12:00:00+00:00,0,0,1,0,1,0
2021-07-02 21:00:00+00:00,0,0,1,0,1,0
2021-07-09 21:00:00+00:00,0,0,1,0,0,0
2021-07-22 09:00:00+00:00,0,0,0,0,1,0
2021-07-22 21:00:00+00:00,0,0,0,0,1,0
2021-07-26 03:00:00+00:00,0,0,0,0,1,0
2021-07-28 09:00:00+00:00,0,0,0,0,1,0
2021-08-03 00:00:00+00:00,0,0,0,0,0,0
2021-08-05 03:00:00+00:00,0,0,0,0,1,0
2021-08-05 12:00:00+00:00,0,0,0,0,1,0
2021-08-06 21:00:00+00:00,0,0,1,0,1,0
2021-08-07 06:00:00+00:00,0,0,1,0,1,0
2021-08-08 21:00:00+00:00,0,0,1,0,1,0
2021-08-11 06:00:00+00:00,0,0,1,0,0,0
2021-08-14 06:00:00+00:00,0,0,0,0,1,0
2021-08-15 09:00:00+00:00,0,0,0,0,1,0
2021-08-15 12:00:00+00:00,0,0,0,0,1,0
2021-08-20 03:00:00+00:00,0,0,0,0,1,0
2021-08-20 18:00:00+00:00,0,0,1,0,1,0
2021-08-22 15:00:00+00:00,0,0,1,0,1,0
2021-08-24 03:00:00+00:00,0,0,1,0,1,0
2021-08-24 15:00:00+00:00,0,0,1,0,1,0
2021-08-24 18:00:00+00:00,0,0,0,0,1,0
2021-08-28 00:00:00+00:00,0,0,0,0,1,0
2021-08-29 06:00:00+00:00,0,0,0,0,1,0
2021-08-30 00:00:00+00:00,0,0,0,0,1,0
2021-08-31 09:00:00+00:00,0,0,0,0,0,0
2021-09-01 09:00:00+00:00,0,0,0,0,1,0
2021-09-02 12:00:00+00:00,0,0,1,0,1,0
2021-09-03 03:00:00+00:00,0,0,1,0,1,0
2021-09-03 12:00:00+00:00,0,0,1,0,1,0
2021-09-07 18:00:00+00:00,0,0,1,0,1,0
2021-09-08 06:00:00+00:00,0,0,0,0,1,0
2021-09-16 03:00:00+00:00,0,0,1,0,0,0
2021-09-19 15:00:00+00:00,0,0,1,0,0,0
2021-10-01 18:00:00+00:00,0,0,1,0,0,0
2021-10-01 21:00:00+00:00,0,0,1,0,1,0
2021-10-06 15:00:00+00:00,0,0,1,0,1,0
2021-10-12 03:00:00+00:00,0,0,1,0,1,0
2021-10-15 03:00:00+00:00,0,0,1,0,1,0
2021-10-17 21:00:00+00:00,0,0,1,0,1,0
2021-10-19 12:00:00+00:00,0,0,1,0,1,0
2021-10-21 12:00:00+00:00,0,0,1,0,1,0
2021-10-22 15:00:00+00:00,0,0,1,0,1,0
2021-10-23 00:00:00+00:00,0,0,1,0,1,0
2021-10-24 18:00:00+00:00,0,0,0,0,1,0
2021-10-30 15:00:00+00:00,0,0,0,0,1,0
2021-11-08 00:00:00+00:00,0,0,0,0,1,0
2021-11-09 03:00:00+00:00,0,0,1,0,1,0
2021-11-11 00:00:00+00:00,0,0,1,0,1,0
2021-11-12 12:00:00+00:00,0,0,1,0,1,0
2021-11-15 00:00:00+00:00,0,0,0,0,1,0
2021-11-30 21:00:00+00:00,0,0,1,0,0,0
2021-12-04 00:00:00+00:00,0,0,1,0,0,0
2021-12-21 21:00:00+00:00,0,0,1,0,0,0
2021-12-22 15:00:00+00:00,1,0,1,0,0,0
2021-12-23 00:00:00+00:00,1,0,1,0,0,0
2021-12-23 15:00:00+00:00,1,0,1,0,0,0
2021-12-28 21:00:00+00:00,1,0,1,0,0,0
2021-12-29 18:00:00+00:00,1,0,1,0,0,0
2022-01-04 12:00:00+00:00,1,0,0,0,0,0
2022-01-07 03:00:00+00:00,1,0,0,0,0,0
2022-02-02 12:00:00+00:00,0,0,0,0,1,0
2022-02-02 15:00:00+00:00,0,0,0,0,1,0
2022-02-04 18:00:00+00:00,0,0,0,0,1,0
2022-02-05 09:00:00+00:00,0,0,1,0,1,0
2022-02-05 21:00:00+00:00,0,1,1,0,1,0
2022-02-07 15:00:00+00:00,0,1,1,0,1,0
2022-02-08 09:00:00+00:00,0,1,1,0,1,0
2022-02-12 00:00:00+00:00,0,1,1,0,1,0
2022-02-13 15:00:00+00:00,0,1,1,0,1,0
2022-02-16 18:00:00+00:00,0,0,1,0,1,0
2022-02-18 00:00:00+00:00,0,0,1,0,0,0
2022-02-19 21:00:00+00:00,0,0,1,0,0,0
2022-03-01 09:00:00+00:00,0,1,0,0,1,0
2022-03-01 21:00:00+00:00,0,1,1,0,1,0
2022-03-03 06:00:00+00:00,0,1,1,0,1,0
2022-03-03 18:00:00+00:00,0,1,1,0,1,0
2022-03-07 03:00:00+00:00,0,1,1,0,1,0
2022-03-07 09:00:00+00:00,0,1,1,0,0,0
2022-03-08 21:00:00+00:00,0,0,1,0,0,0
2022-03-16 18:00:00+00:00,1,0,0,0,0,0
2022-03-17 09:00:00+00:00,1,0,0,0,1,0
2022-03-17 12:00:00+00:00,1,0,0,0,1,0
2022-03-19 06:00:00+00:00,1,0,1,0,1,0
2022-03-19 12:00:00+00:00,1,0,1,0,1,0
2022-03-22 06:00:00+00:00,1,0,1,0,1,0
2022-03-24 03:00:00+00:00,1,0,1,0,1,0
2022-03-27 21:00:00+00:00,1,0,1,0,1,0
2022-04-06 21:00:00+00:00,1,0,1,0,1,0
2022-04-12 06:00:00+00:00,1,0,0,0,1,0
2022-04-15 06:00:00+00:00,0,0,0,0,1,0
2022-04-21 12:00:00+00:00,0,1,0,0,0,0
2022-04-21 21:00:00+00:00,0,1,0,0,0,0
2022-04-23 06:00:00+00:00,0,1,0,0,0,0
2022-05-05 00:00:00+00:00,0,1,0,0,0,0
2022-05-05 06:00:00+00:00,0,1,0,0,0,0
2022-05-05 12:00:00+00:00,0,1,1,0,0,0
2022-05-05 18:00:00+00:00,0,1,1,0,0,0
2022-05-08 00:00:00+00:00,0,1,0,0,0,0
2022-05-15 12:00:00+00:00,0,1,0,0,0,0
2022-05-16 03:00:00+00:00,0,1,0,0,0,0
2022-05-19 03:00:00+00:00,0,1,0,0,0,0
2022-05-26 15:00:00+00:00,0,1,0,0,0,0
2022-05-29 12:00:00+00:00,0,0,0,0,0,0
2022-05-30 06:00:00+00:00,0,1,1,0,0,0
2022-05-30 21:00:00+00:00,1,1,1,0,0,0
2022-05-31 00:00:00+00:00,1,1,1,1,0,0
2022-05-31 15:00:00+00:00,1,1,1,1,0,0
2022-06-01 21:00:00+00:00,1,1,1,1,0,0
2022-06-03 15:00:00+00:00,1,1,1,1,0,0
2022-06-11 03:00:00+00:00,1,1,1,1,0,0
2022-06-12 06:00:00+00:00,0,1,1,1,0,0
2022-06-13 00:00:00+00:00,0,1,1,0,0,0
2022-06-13 06:00:00+00:00,0,1,1,0,0,0
2022-06-14 00:00:00+00:00,0,1,0,0,0,0
2022-06-20 12:00:00+00:00,0,0,0,0,0,1
2022-06-24 12:00:00+00:00,0,0,0,0,0,1
2022-06-27 09:00:00+00:00,0,0,0,1,0,1
2022-06-27 15:00:00+00:00,0,0,0,1,0,1
2022-06-29 18:00:00+00:00,0,0,0,1,0,1
2022-07-06 06:00:00+00:00,0,0,0,1,0,1
2022-07-06 21:00:00+00:00,0,0,1,1,0,0
2022-07-07 00:00:00+00:00,1,0,1,1,0,0
2022-07-07 18:00:00+00:00,1,0,1,1,0,0
2022-07-07 21:00:00+00:00,1,0,1,1,0,0
2022-07-08 06:00:00+00:00,1,1,1,1,0,0
2022-07-08 15:00:00+00:00,1,1,1,1,0,0
2022-07-09 03:00:00+00:00,1,1,1,1,0,0
2022-07-09 09:00:00+00:00,0,1,1,1,0,1
2022-07-09 21:00:00+00:00,1,1,1,1,0,1
2022-07-10 12:00:00+00:00,1,1,1,1,0,1
2022-07-10 18:00:00+00:00,1,1,1,1,0,1
2022-07-11 09:00:00+00:00,0,1,1,1,0,1
2022-07-12 09:00:00+00:00,0,0,1,1,0,1
2022-07-12 12:00:00+00:00,0,0,1,1,0,1
2022-07-14 18:00:00+00:00,1,0,1,0,0,1
2022-07-15 15:00:00+00:00,1,0,1,0,1,1
2022-07-16 03:00:00+00:00,1,0,1,0,1,1
2022-07-16 18:00:00+00:00,0,0,1,0,1,1
2022-07-18 06:00:00+00:00,0,0,1,0,1,1
2022-07-18 12:00:00+00:00,0,1,1,0,1,1
2022-07-18 21:00:00+00:00,0,1,1,0,1,1
2022-07-19 03:00:00+00:00,0,1,1,1,1,1
2022-07-20 09:00:00+00:00,0,1,1,1,1,1
2022-07-23 18:00:00+00:00,0,1,1,1,1,1
2022-07-25 21:00:00+00:00,0,0,1,1,1,1
2022-07-26 12:00:00+00:00,0,0,1,1,1,1
2022-07-27 18:00:00+00:00,1,0,1,0,1,1
2022-07-27 21:00:00+00:00,1,0,1,0,1,1
2022-07-28 12:00:00+00:00,1,1,1,0,1,1
2022-07-29 12:00:00+00:00,1,1,1,0,1,1
2022-07-29 18:00:00+00:00,1,1,1,0,1,0
2022-07-30 09:00:00+00:00,0,1,1,1,1,0
2022-07-31 00:00:00+00:00,0,1,1,1,1,0
2022-08-01 18:00:00+00:00,0,1,1,1,1,0
2022-08-04 12:00:00+00:00,0,0,1,1,1,0
2022-08-08 12:00:00+00:00,0,0,1,1,1,0
2022-08-08 18:00:00+00:00,0,1,1,1,1,0
2022-08-09 00:00:00+00:00,0,1,1,1,1,0
2022-08-09 15:00:00+00:00,0,1,0,1,1,0
2022-08-10 00:00:00+00:00,0,1,0,1,1,0
2022-08-10 03:00:00+00:00,1,0,0,1,1,0
2022-08-10 06:00:00+00:00,1,0,0,1,1,0
2022-08-10 09:00:00+00:00,1,0,0,1,0,0
2022-08-11 12:00:00+00:00,0,1,0,1,0,0
2022-08-12 21:00:00+00:00,1,1,0,1,0,0
2022-08-13 09:00:00+00:00,1,1,0,1,1,0
2022-08-14 03:00:00+00:00,1,1,0,1,1,0
2022-08-14 15:00:00+00:00,1,1,0,1,1,0
2022-08-14 18:00:00+00:00,1,1,0,1,1,0
2022-08-15 12:00:00+00:00,1,1,0,1,1,1
2022-08-16 12:00:00+00:00,1,1,0,1,1,1
2022-08-17 15:00:00+00:00,1,0,0,1,1,1
2022-08-17 21:00:00+00:00,1,0,0,1,1,1
2022-08-19 09:00:00+00:00,0,0,0,1,1,1
2022-08-19 15:00:00+00:00,0,0,0,1,1,0
2022-08-26 09:00:00+00:00,0,0,0,1,0,0
2022-09-03 18:00:00+00:00,0,1,0,0,0,0
2022-09-06 09:00:00+00:00,0,1,0,0,0,1
2022-09-06 18:00:00+00:00,0,1,0,0,0,1
2022-09-06 21:00:00+00:00,0,1,0,0,0,1
2022-09-09 03:00:00+00:00,1,1,0,0,0,1
2022-09-09 09:00:00+00:00,1,1,1,0,0,1
2022-09-09 15:00:00+00:00,1,1,1,1,0,1
2022-09-11 18:00:00+00:00,1,1,1,1,0,1
2022-09-12 12:00:00+00:00,1,1,1,1,0,1
2022-09-13 15:00:00+00:00,1,1,1,1,0,1
2022-09-13 21:00:00+00:00,1,1,1,1,0,1
2022-09-15 00:00:00+00:00,1,1,0,1,0,1
2022-09-15 21:00:00+00:00,1,1,0,1,0,0
2022-09-16 03:00:00+00:00,1,0,0,1,0,0
2022-09-16 15:00:00+00:00,0,0,0,1,0,0
2022-09-23 21:00:00+00:00,0,0,0,1,0,0
2022-09-24 06:00:00+00:00,0,0,0,1,0,1
2022-09-26 00:00:00+00:00,0,0,0,1,0,1
2022-09-27 15:00:00+00:00,0,0,1,1,0,1
2022-09-27 18:00:00+00:00,0,0,1,1,0,1
2022-09-30 12:00:00+00:00,0,0,1,1,0,1
2022-10-01 12:00:00+00:00,0,0,0,1,0,1
2022-10-01 21:00:00+00:00,0,0,0,1,0,0
2022-10-04 15:00:00+00:00,1,0,0,1,0,0
2022-10-05 00:00:00+00:00,1,0,1,1,0,0
2022-10-05 15:00:00+00:00,1,0,1,1,0,0
2022-10-06 03:00:00+00:00,1,0,1,1,0,1
2022-10-07 15:00:00+00:00,1,0,1,1,0,1
2022-10-09 00:00:00+00:00,1,0,0,1,0,1
2022-10-13 12:00:00+00:00,1,0,0,1,0,0
2022-10-17 15:00:00+00:00,0,0,1,1,0,0
2022-10-18 06:00:00+00:00,1,0,1,1,0,0
2022-10-18 21:00:00+00:00,1,0,1,1,0,0
2022-10-20 03:00:00+00:00,1,0,1,1,0,0
2022-10-21 09:00:00+00:00,1,0,0,1,0,0
2022-10-24 00:00:00+00:00,1,0,0,0,1,0
2022-10-25 18:00:00+00:00,1,1,1,0,1,1
2022-10-25 21:00:00+00:00,1,1,1,0,1,1
2022-10-26 18:00:00+00:00,1,1,1,0,1,1
2022-10-27 21:00:00+00:00,1,1,1,0,1,1
2022-10-29 06:00:00+00:00,1,1,1,0,1,1
2022-10-31 12:00:00+00:00,1,1,0,0,1,1
2022-10-31 15:00:00+00:00,1,1,0,0,1,1
2022-11-03 00:00:00+00:00,0,1,0,0,1,1
2022-11-05 06:00:00+00:00,0,1,1,0,1,0
2022-11-05 15:00:00+00:00,0,1,1,0,1,1
2022-11-05 18:00:00+00:00,0,1,1,0,1,1
2022-11-07 00:00:00+00:00,0,1,1,0,1,1
2022-11-07 12:00:00+00:00,0,1,1,0,1,1
2022-11-08 03:00:00+00:00,0,1,0,0,1,1
2022-11-08 21:00:00+00:00,0,1,0,0,1,0
2022-11-09 12:00:00+00:00,0,1,0,0,1,0
2022-11-09 18:00:00+00:00,0,1,0,0,1,0
2022-11-12 06:00:00+00:00,0,0,0,0,1,0
2022-11-23 06:00:00+00:00,0,0,0,1,0,0
2022-11-23 09:00:00+00:00,0,0,1,1,0,0
2022-11-24 15:00:00+00:00,0,0,1,1,0,1
2022-11-25 12:00:00+00:00,0,0,1,1,0,1
2022-11-27 00:00:00+00:00,1,0,1,1,0,1
2022-11-28 03:00:00+00:00,1,0,1,1,0,1
2022-11-28 09:00:00+00:00,1,0,1,1,0,1
2022-11-29 09:00:00+00:00,1,0,0,1,0,1
2022-11-30 06:00:00+00:00,1,0,0,1,0,1
2022-11-30 15:00:00+00:00,1,0,1,1,0,1
2022-12-01 12:00:00+00:00,1,1,1,1,0,1
2022-12-01 21:00:00+00:00,1,1,1,1,0,1
2022-12-03 18:00:00+00:00,1,1,1,0,0,1
2022-12-05 09:00:00+00:00,1,1,0,0,1,1
2022-12-05 18:00:00+00:00,1,1,0,0,1,1
2022-12-09 06:00:00+00:00,1,1,0,0,1,1
2022-12-12 03:00:00+00:00,1,1,0,0,1,0
2022-12-13 18:00:00+00:00,1,1,1,0,1,0
2022-12-14 15:00:00+00:00,1,1,1,0,1,1
2022-12-14 21:00:00+00:00,1,1,1,0,1,1
2022-12-16 09:00:00+00:00,1,1,1,0,1,1
2022-12-16 12:00:00+00:00,1,1,0,0,1,1
2022-12-17 06:00:00+00:00,1,0,0,0,1,1
2022-12-17 15:00:00+00:00,1,0,0,0,1,0
2022-12-24 15:00:00+00:00,0,0,0,0,1,0
2023-01-02 09:00:00+00:00,0,0,0,0,0,0
2023-01-03 18:00:00+00:00,0,0,0,0,1,0
2023-01-04 06:00:00+00:00,1,1,0,0,1,0
2023-01-04 18:00:00+00:00,1,1,0,0,1,0
2023-01-04 21:00:00+00:00,1,1,1,0,1,0
2023-01-06 12:00:00+00:00,1,1,1,0,1,0
2023-01-06 21:00:00+00:00,1,1,1,1,0,0
2023-01-07 00:00:00+00:00,1,1,1,1,0,0
2023-01-07 06:00:00+00:00,1,1,1,1,0,0
2023-01-08 00:00:00+00:00,1,1,1,0,0,0
2023-01-09 03:00:00+00:00,1,1,1,0,0,0
2023-01-09 06:00:00+00:00,1,1,1,0,1,0
2023-01-09 09:00:00+00:00,1,1,1,1,1,0
2023-01-09 15:00:00+00:00,1,1,1,1,1,1
2023-01-11 15:00:00+00:00,1,1,1,1,1,1
2023-01-11 21:00:00+00:00,1,1,1,1,0,1
2023-01-12 06:00:00+00:00,1,1,1,1,1,0
2023-01-12 18:00:00+00:00,1,1,1,1,1,0
2023-01-14 00:00:00+00:00,1,1,1,1,1,0
2023-01-14 03:00:00+00:00,1,1,1,1,1,1
2023-01-16 09:00:00+00:00,1,1,1,1,1,1
2023-01-17 12:00:00+00:00,1,1,1,0,0,1
2023-01-19 15:00:00+00:00,1,1,1,0,0,0
2023-01-21 12:00:00+00:00,1,0,1,1,0,0
2023-01-22 00:00:00+00:00,1,0,1,1,0,1
2023-01-22 21:00:00+00:00,1,0,1,1,0,1
2023-01-25 00:00:00+00:00,1,0,1,1,0,0
2023-01-25 03:00:00+00:00,1,0,1,1,0,0
2023-01-27 18:00:00+00:00,1,0,1,0,0,0
2023-01-30 12:00:00+00:00,1,0,0,0,0,0
2023-01-31 18:00:00+00:00,0,0,0,1,0,0
2023-02-01 15:00:00+00:00,0,0,0,1,0,0
2023-02-02 06:00:00+00:00,0,0,0,1,1,0
2023-02-02 12:00:00+00:00,0,1,0,1,1,0
2023-02-02 21:00:00+00:00,1,1,0,0,1,0
2023-02-03 00:00:00+00:00,1,1,0,0,1,0
2023-02-03 15:00:00+00:00,1,1,0,0,1,0
2023-02-04 18:00:00+00:00,0,1,0,0,1,0
2023-02-05 06:00:00+00:00,0,0,0,1,1,0
2023-02-05 15:00:00+00:00,0,0,0,1,0,0
2023-02-06 00:00:00+00:00,0,0,0,1,0,0
2023-02-15 03:00:00+00:00,0,1,0,0,0,0
2023-02-15 21:00:00+00:00,0,1,0,1,1,0
2023-02-16 00:00:00+00:00,1,1,1,1,1,0
2023-02-16 06:00:00+00:00,1,1,1,1,1,1
2023-02-17 00:00:00+00:00,1,1,1,1,1,1
2023-02-17 03:00:00+00:00,1,1,1,1,1,1
2023-02-18 06:00:00+00:00,1,1,1,1,1,1
2023-02-19 03:00:00+00:00,1,0,1,1,1,1
2023-02-20 03:00:00+00:00,1,0,1,1,0,1
2023-02-20 06:00:00+00:00,1,0,1,0,0,1
2023-02-22 06:00:00+00:00,1,0,1,0,0,1
2023-02-23 21:00:00+00:00,0,0,1,0,0,1
2023-03-03 03:00:00+00:00,0,0,0,0,0,0
2023-03-07 03:00:00+00:00,0,0,0,1,0,0
2023-03-07 12:00:00+00:00,0,0,0,1,0,0
2023-03-09 00:00:00+00:00,0,0,0,1,0,0
2023-03-12 18:00:00+00:00,0,0,0,1,0,0
2023-03-13 03:00:00+00:00,0,1,0,1,0,0
2023-03-13 06:00:00+00:00,0,1,1,1,0,0
2023-03-13 18:00:00+00:00,0,1,1,1,0,1
2023-03-14 03:00:00+00:00,1,1,1,1,0,1
2023-03-14 15:00:00+00:00,1,1,1,1,0,1
2023-03-15 18:00:00+00:00,1,1,1,1,0,1
2023-03-16 12:00:00+00:00,1,1,1,1,0,1
2023-03-18 15:00:00+00:00,1,0,1,0,0,1
2023-03-21 00:00:00+00:00,1,0,1,0,0,1
2023-03-22 06:00:00+00:00,1,1,1,0,0,1
2023-03-22 12:00:00+00:00,1,1,1,0,0,1
2023-03-23 06:00:00+00:00,1,1,1,0,0,1
2023-03-24 21:00:00+00:00,0,1,1,0,0,1
2023-03-25 00:00:00+00:00,0,1,1,0,0,0
2023-03-25 03:00:00+00:00,0,0,1,0,0,0
2023-03-29 18:00:00+00:00,0,1,0,0,0,0
2023-03-30 06:00:00+00:00,0,1,0,0,0,0
2023-03-30 12:00:00+00:00,0,1,1,0,0,0
2023-03-30 21:00:00+00:00,0,1,1,0,0,0
2023-04-01 06:00:00+00:00,0,1,0,0,1,0
2023-04-01 21:00:00+00:00,0,1,0,0,1,0
2023-04-02 06:00:00+00:00,0,1,0,0,1,0
2023-04-02 15:00:00+00:00,0,1,0,0,0,0
2023-04-05 00:00:00+00:00,1,0,0,0,1,0
2023-04-06 09:00:00+00:00,1,0,0,0,1,0
2023-04-06 18:00:00+00:00,1,0,0,0,1,0
2023-04-07 21:00:00+00:00,1,0,0,0,0,0
2023-04-11 06:00:00+00:00,0,1,0,0,0,1
2023-04-11 15:00:00+00:00,0,1,0,0,1,1
2023-04-12 03:00:00+00:00,0,1,0,0,1,1
2023-04-12 09:00:00+00:00,0,1,0,0,1,1
2023-04-12 15:00:00+00:00,1,1,0,0,1,1
2023-04-12 18:00:00+00:00,1,1,0,0,1,1
2023-04-13 09:00:00+00:00,1,1,0,0,0,1
2023-04-13 12:00:00+00:00,0,1,0,0,1,1
2023-04-13 18:00:00+00:00,1,1,0,1,1,1
2023-04-13 21:00:00+00:00,1,1,0,1,1,1
2023-04-14 03:00:00+00:00,1,1,0,1,1,1
2023-04-15 21:00:00+00:00,1,1,0,1,1,1
2023-04-16 09:00:00+00:00,1,1,0,1,0,1
2023-04-17 06:00:00+00:00,0,1,0,1,0,1
2023-04-17 09:00:00+00:00,0,0,0,1,0,1
2023-04-19 09:00:00+00:00,0,0,0,1,0,1
2023-04-19 12:00:00+00:00,0,0,0,1,0,1
2023-04-19 18:00:00+00:00,0,0,0,0,0,1
2023-04-26 15:00:00+00:00,0,1,0,0,0,0
2023-04-26 21:00:00+00:00,0,1,0,0,0,0
2023-04-28 18:00:00+00:00,0,1,0,0,0,0
2023-04-29 21:00:00+00:00,0,1,0,0,0,0
2023-04-30 09:00:00+00:00,0,0,0,0,0,1
2023-05-01 00:00:00+00:00,0,0,0,0,0,1
2023-05-01 18:00:00+00:00,0,0,0,0,0,1
2023-05-03 21:00:00+00:00,1,0,0,0,0,0
2023-05-04 21:00:00+00:00,1,0,0,0,1,0
2023-05-05 18:00:00+00:00,1,0,0,0,1,0
2023-05-06 18:00:00+00:00,1,0,0,0,1,0
2023-05-07 06:00:00+00:00,0,0,0,0,1,0
2023-05-18 03:00:00+00:00,0,0,0,1,0,0
2023-05-18 12:00:00+00:00,1,0,1,1,0,0
2023-05-19 03:00:00+00:00,1,0,1,1,0,0
2023-05-19 06:00:00+00:00,1,0,1,1,0,0
2023-05-19 18:00:00+00:00,1,0,0,1,0,0
2023-05-21 18:00:00+00:00,0,0,0,1,0,0
2023-05-23 09:00:00+00:00,0,0,1,0,0,0
2023-05-23 15:00:00+00:00,0,0,1,0,1,0
2023-05-24 18:00:00+00:00,0,0,1,0,1,0
2023-05-26 15:00:00+00:00,0,0,0,0,1,0
2023-05-26 21:00:00+00:00,1,0,0,0,1,0
2023-05-28 03:00:00+00:00,1,1,0,0,1,0
2023-05-28 06:00:00+00:00,1,1,0,0,1,1
2023-05-28 12:00:00+00:00,1,1,1,0,1,1
2023-05-28 18:00:00+00:00,1,1,1,1,1,1
2023-05-29 00:00:00+00:00,1,1,1,1,1,1
2023-05-30 09:00:00+00:00,1,1,1,1,1,1
2023-05-31 03:00:00+00:00,0,1,1,1,1,1
2023-05-31 06:00:00+00:00,0,1,1,1,0,1
2023-05-31 09:00:00+00:00,0,1,0,1,0,1
2023-06-01 09:00:00+00:00,0,1,0,0,0,1
2023-06-02 21:00:00+00:00,0,0,1,0,0,1
2023-06-05 18:00:00+00:00,0,0,1,0,0,1
2023-06-06 03:00:00+00:00,0,0,0,0,0,1
2023-06-07 06:00:00+00:00,0,0,0,0,1,0
2023-06-09 03:00:00+00:00,0,0,0,0,1,0
2023-06-13 00:00:00+00:00,1,0,0,0,0,0
2023-06-15 00:00:00+00:00,1,0,0,0,0,0
2023-06-15 06:00:00+00:00,1,0,0,0,0,0
2023-06-16 21:00:00+00:00,0,0,0,0,1,0
2023-06-17 00:00:00+00:00,0,0,0,0,1,0
2023-06-17 06:00:00+00:00,1,0,0,0,1,0
2023-06-19 06:00:00+00:00,1,0,0,0,1,0
2023-06-20 15:00:00+00:00,1,0,0,0,0,0
2023-06-21 03:00:00+00:00,1,0,0,0,0,0
2023-06-21 15:00:00+00:00,1,0,0,0,1,0
2023-06-21 18:00:00+00:00,1,0,0,0,1,0
2023-06-22 00:00:00+00:00,1,0,0,1,1,0
2023-06-22 03:00:00+00:00,1,0,0,1,1,0
2023-06-22 06:00:00+00:00,1,1,0,1,1,0
2023-06-23 12:00:00+00:00,1,1,0,1,1,0
2023-06-23 15:00:00+00:00,1,1,0,1,0,0
2023-06-23 18:00:00+00:00,0,1,0,1,0,1
2023-06-25 03:00:00+00:00,1,1,0,1,0,1
2023-06-25 09:00:00+00:00,1,1,0,1,0,1
2023-06-25 15:00:00+00:00,1,1,0,1,0,1
2023-06-26 18:00:00+00:00,1,1,0,0,0,1
2023-06-26 21:00:00+00:00,1,1,0,0,0,0
2023-06-28 03:00:00+00:00,0,1,0,0,0,0
2023-06-30 00:00:00+00:00,0,0,0,0,0,1
2023-06-30 18:00:00+00:00,0,0,0,0,0,1
2023-06-30 21:00:00+00:00,0,0,0,0,0,1
2023-07-01 03:00:00+00:00,0,0,0,1,0,1
2023-07-02 00:00:00+00:00,0,0,0,1,1,1
2023-07-03 09:00:00+00:00,0,1,0,1,1,1
2023-07-04 15:00:00+00:00,0,1,0,1,1,1
2023-07-05 00:00:00+00:00,0,1,0,0,1,1
2023-07-05 12:00:00+00:00,0,1,0,0,0,1
2023-07-05 21:00:00+00:00,0,1,0,0,0,1
2023-07-07 09:00:00+00:00,0,1,0,0,0,0
2023-07-07 21:00:00+00:00,0,0,0,0,0,1
2023-07-10 12:00:00+00:00,0,0,0,0,0,1
2023-07-11 15:00:00+00:00,0,0,1,0,0,0
2023-07-13 18:00:00+00:00,0,1,1,1,1,1
2023-07-13 21:00:00+00:00,0,1,1,1,1,1
2023-07-14 03:00:00+00:00,0,1,1,1,1,1
2023-07-14 06:00:00+00:00,1,1,1,1,1,1
2023-07-14 18:00:00+00:00,1,1,1,1,1,1
2023-07-14 21:00:00+00:00,1,1,1,1,1,1
2023-07-15 09:00:00+00:00,1,1,1,1,1,1
2023-07-15 12:00:00+00:00,1,1,1,1,1,1
2023-07-15 18:00:00+00:00,1,1,0,1,1,1
2023-07-17 09:00:00+00:00,1,1,0,1,0,1
2023-07-17 18:00:00+00:00,0,1,0,0,0,1
2023-07-18 18:00:00+00:00,0,1,0,0,0,0
2023-07-22 09:00:00+00:00,0,0,0,1,0,0
2023-07-23 21:00:00+00:00,0,0,0,1,0,0
2023-07-24 18:00:00+00:00,0,0,0,1,0,0
2023-07-25 18:00:00+00:00,0,0,0,1,0,0
2023-07-28 00:00:00+00:00,0,0,0,1,0,0
2023-07-28 15:00:00+00:00,0,0,0,0,0,0
2023-07-30 03:00:00+00:00,1,0,0,0,0,0
2023-07-30 21:00:00+00:00,1,0,0,0,0,0
2023-07-31 21:00:00+00:00,1,0,0,0,0,0
2023-08-02 09:00:00+00:00,0,0,1,0,0,0
2023-08-05 06:00:00+00:00,0,0,1,1,0,0
2023-08-07 00:00:00+00:00,0,0,1,1,0,0
2023-08-07 18:00:00+00:00,0,0,0,1,0,0
2023-08-08 12:00:00+00:00,0,0,1,0,0,0
2023-08-09 06:00:00+00:00,1,0,1,0,0,0
2023-08-09 09:00:00+00:00,1,0,1,0,1,0
2023-08-09 12:00:00+00:00,1,0,1,0,1,1
2023-08-09 21:00:00+00:00,1,0,1,0,1,1
2023-08-10 21:00:00+00:00,1,0,1,0,1,1
2023-08-11 06:00:00+00:00,1,1,1,0,0,1
2023-08-12 03:00:00+00:00,1,1,1,0,0,1
2023-08-15 21:00:00+00:00,1,0,1,0,0,1
2023-08-16 03:00:00+00:00,1,0,1,0,0,1
2023-08-16 15:00:00+00:00,0,0,1,0,0,1
2023-08-16 21:00:00+00:00,0,0,0,0,0,1
2023-08-24 06:00:00+00:00,0,0,0,0,0,0
2023-08-24 21:00:00+00:00,0,0,0,0,0,0
2023-08-29 15:00:00+00:00,0,0,1,0,0,0
2023-08-29 18:00:00+00:00,0,1,1,1,1,1
2023-08-30 06:00:00+00:00,0,1,1,1,1,1
2023-08-30 15:00:00+00:00,0,1,1,1,1,1
2023-08-31 15:00:00+00:00,0,1,1,1,1,1
2023-08-31 18:00:00+00:00,0,1,1,1,0,1
2023-08-31 21:00:00+00:00,0,0,1,1,0,1
2023-09-01 06:00:00+00:00,0,0,1,0,0,1
2023-09-01 18:00:00+00:00,0,0,1,0,0,1
2023-09-03 15:00:00+00:00,0,0,1,0,0,1
2023-09-05 15:00:00+00:00,0,0,1,0,0,1
2023-09-13 12:00:00+00:00,1,0,1,1,0,0
2023-09-14 00:00:00+00:00,1,0,1,1,1,0
2023-09-15 09:00:00+00:00,1,1,1,1,1,0
2023-09-16 03:00:00+00:00,1,1,1,1,1,0
2023-09-18 06:00:00+00:00,1,1,1,1,1,0
2023-09-20 06:00:00+00:00,1,1,1,0,1,0
2023-09-20 21:00:00+00:00,1,1,1,0,1,0
2023-09-21 06:00:00+00:00,1,1,1,0,1,1
2023-09-21 12:00:00+00:00,1,1,1,0,0,1
2023-09-22 03:00:00+00:00,0,1,1,0,0,1
2023-09-23 00:00:00+00:00,0,1,1,0,0,1
2023-09-24 21:00:00+00:00,0,1,1,0,0,1
2023-09-26 12:00:00+00:00,0,0,1,0,0,1
2023-09-27 21:00:00+00:00,0,0,1,0,0,0
2023-09-28 12:00:00+00:00,0,0,0,0,1,0
2023-09-28 21:00:00+00:00,1,0,0,0,1,0
2023-09-29 12:00:00+00:00,1,1,0,1,1,0
2023-09-30 06:00:00+00:00,1,1,0,1,1,1
2023-09-30 18:00:00+00:00,1,1,0,1,1,1
2023-10-03 15:00:00+00:00,1,1,0,1,1,1
2023-10-04 03:00:00+00:00,0,1,0,1,1,1
2023-10-05 00:00:00+00:00,0,1,0,0,0,1
2023-10-09 15:00:00+00:00,0,1,0,0,0,0
2023-10-11 03:00:00+00:00,0,1,0,0,0,0
2023-10-17 00:00:00+00:00,0,1,0,0,0,1
2023-10-17 18:00:00+00:00,0,1,1,0,0,1
2023-10-17 21:00:00+00:00,0,1,1,0,0,1
2023-10-19 18:00:00+00:00,0,0,1,0,0,1
2023-10-20 09:00:00+00:00,1,0,1,0,0,1
2023-10-20 12:00:00+00:00,1,0,1,1,0,1
2023-10-21 12:00:00+00:00,1,0,1,1,1,1
2023-10-22 06:00:00+00:00,1,0,1,1,1,1
2023-10-23 06:00:00+00:00,1,0,1,1,1,1
2023-10-24 00:00:00+00:00,1,0,1,1,1,1
2023-10-24 09:00:00+00:00,1,1,1,1,1,1
2023-10-26 06:00:00+00:00,1,1,1,1,1,1
2023-10-27 03:00:00+00:00,0,1,1,1,1,1
2023-10-28 12:00:00+00:00,0,1,1,1,1,0
2023-10-28 15:00:00+00:00,0,1,1,1,0,0
2023-10-31 18:00:00+00:00,0,1,1,0,0,0
2023-10-31 21:00:00+00:00,0,1,0,0,0,1
2023-11-01 00:00:00+00:00,0,1,0,0,0,1
2023-11-02 06:00:00+00:00,1,0,0,0,0,1
2023-11-02 15:00:00+00:00,1,0,0,0,0,1
2023-11-03 00:00:00+00:00,1,1,0,0,0,1
2023-11-03 06:00:00+00:00,1,1,0,0,0,1
2023-11-04 09:00:00+00:00,1,1,0,0,0,1
2023-11-05 09:00:00+00:00,0,1,0,0,1,1
2023-11-05 18:00:00+00:00,0,1,0,1,1,1
2023-11-06 21:00:00+00:00,0,1,0,1,1,1
2023-11-07 03:00:00+00:00,1,1,0,1,1,1
2023-11-07 18:00:00+00:00,1,1,0,1,1,0
2023-11-09 03:00:00+00:00,1,1,0,1,0,0
2023-11-09 15:00:00+00:00,1,1,0,1,1,0
2023-11-09 18:00:00+00:00,1,1,0,1,1,1
2023-11-09 21:00:00+00:00,1,1,0,1,1,1
2023-11-10 00:00:00+00:00,1,1,0,1,1,1
2023-11-10 06:00:00+00:00,1,1,0,1,1,1
2023-11-10 12:00:00+00:00,1,1,0,0,1,1
2023-11-11 15:00:00+00:00,0,1,0,1,1,1
2023-11-12 03:00:00+00:00,0,1,0,1,1,1
2023-11-12 06:00:00+00:00,0,1,0,1,1,1
2023-11-13 06:00:00+00:00,0,1,0,1,0,1
2023-11-13 15:00:00+00:00,0,0,0,1,0,1
2023-11-14 15:00:00+00:00,0,0,0,0,0,1
2023-11-16 21:00:00+00:00,0,0,0,1,0,1
2023-11-17 18:00:00+00:00,0,0,0,1,0,1
2023-11-19 15:00:00+00:00,0,0,0,1,0,0
2023-11-20 06:00:00+00:00,1,0,0,0,0,0
2023-11-21 18:00:00+00:00,1,0,0,0,0,0
2023-11-23 03:00:00+00:00,1,0,0,0,0,0
2023-11-23 06:00:00+00:00,1,0,0,0,1,0
2023-11-26 09:00:00+00:00,1,0,0,0,1,0
2023-11-27 12:00:00+00:00,1,0,0,0,0,0
2023-11-30 12:00:00+00:00,0,0,0,0,0,0
2023-12-01 03:00:00+00:00,0,0,0,0,1,0
2023-12-01 12:00:00+00:00,0,0,0,0,1,1
2023-12-03 06:00:00+00:00,1,0,0,0,1,1
2023-12-03 15:00:00+00:00,1,0,0,0,1,1
2023-12-05 06:00:00+00:00,1,0,0,1,1,1
2023-12-05 18:00:00+00:00,1,0,0,1,1,1
2023-12-06 06:00:00+00:00,1,0,0,1,1,0
2023-12-06 21:00:00+00:00,0,0,0,1,1,0
2023-12-08 03:00:00+00:00,0,0,0,1,0,1
2023-12-08 06:00:00+00:00,0,0,0,1,1,1
2023-12-09 06:00:00+00:00,0,1,0,1,1,1
2023-12-09 09:00:00+00:00,0,1,0,1,1,1
2023-12-10 00:00:00+00:00,0,1,0,1,1,1
2023-12-11 03:00:00+00:00,0,1,0,1,0,1
2023-12-11 21:00:00+00:00,0,1,1,1,0,1
2023-12-12 06:00:00+00:00,0,1,1,1,0,1
2023-12-14 00:00:00+00:00,0,1,1,1,0,0
2023-12-14 12:00:00+00:00,0,1,1,1,1,0
2023-12-15 18:00:00+00:00,0,1,1,1,1,0
2023-12-16 15:00:00+00:00,0,1,1,1,1,0
2023-12-17 12:00:00+00:00,1,1,1,1,0,0
2023-12-18 00:00:00+00:00,1,1,1,1,0,0
2023-12-18 03:00:00+00:00,1,1,1,1,0,0
2023-12-18 12:00:00+00:00,1,1,0,1,0,0
2023-12-20 06:00:00+00:00,1,1,0,1,1,0
2023-12-21 03:00:00+00:00,1,1,0,1,1,0
2023-12-21 06:00:00+00:00,1,1,0,0,1,1
2023-12-21 18:00:00+00:00,1,1,0,0,1,1
2023-12-22 03:00:00+00:00,1,1,1,0,1,1
2023-12-23 06:00:00+00:00,1,1,1,0,1,1
2023-12-24 21:00:00+00:00,0,1,1,0,1,1
2023-12-25 00:00:00+00:00,0,1,1,0,0,1
2023-12-25 21:00:00+00:00,0,1,1,0,0,1
2023-12-28 00:00:00+00:00,0,1,0,0,1,1
2023-12-28 03:00:00+00:00,0,1,0,0,1,1
2023-12-28 15:00:00+00:00,0,1,0,0,1,0
2023-12-29 00:00:00+00:00,0,1,0,0,1,0
2023-12-29 18:00:00+00:00,0,0,0,0,1,0
2023-12-30 03:00:00+00:00,0,0,0,0,1,0
2024-01-02 00:00:00+00:00,0,0,1,0,1,0
2024-01-03 12:00:00+00:00,0,0,1,0,1,0
2024-01-03 15:00:00+00:00,0,0,1,0,1,0
2024-01-04 06:00:00+00:00,0,0,1,0,0,0
2024-01-06 03:00:00+00:00,0,0,1,0,0,0
2024-01-06 12:00:00+00:00,0,0,1,0,0,0
2024-01-07 15:00:00+00:00,0,0,0,0,1,0
2024-01-08 03:00:00+00:00,0,0,0,0,1,0
2024-01-08 06:00:00+00:00,0,0,0,0,1,0
2024-01-08 15:00:00+00:00,0,0,0,0,1,0
2024-01-09 03:00:00+00:00,0,0,1,0,1,0
2024-01-09 15:00:00+00:00,0,0,1,0,1,0
2024-01-10 06:00:00+00:00,1,0,1,0,1,0
2024-01-11 00:00:00+00:00,1,0,1,0,1,0
2024-01-11 06:00:00+00:00,1,0,1,0,1,1
2024-01-12 12:00:00+00:00,1,0,1,0,1,1
2024-01-13 00:00:00+00:00,1,0,0,0,1,1
2024-01-13 03:00:00+00:00,1,0,0,0,1,1
2024-01-13 12:00:00+00:00,1,0,0,0,0,1
2024-01-13 18:00:00+00:00,1,0,0,0,0,0
2024-01-16 21:00:00+00:00,0,0,1,0,0,0
2024-01-17 03:00:00+00:00,0,0,1,0,0,1
2024-01-17 18:00:00+00:00,0,0,1,0,0,1
2024-01-18 18:00:00+00:00,0,0,1,0,0,1
2024-01-18 21:00:00+00:00,0,0,1,0,0,1
2024-01-20 00:00:00+00:00,0,0,0,0,0,1
2024-01-20 21:00:00+00:00,0,0,0,1,0,0
2024-01-21 00:00:00+00:00,0,0,0,1,0,0
2024-01-22 03:00:00+00:00,0,0,0,1,0,0
2024-01-25 09:00:00+00:00,0,0,1,1,0,0
2024-01-26 12:00:00+00:00,0,0,1,1,0,1
2024-01-26 18:00:00+00:00,1,0,1,1,0,1
2024-01-30 03:00:00+00:00,1,0,1,1,0,1
2024-01-31 03:00:00+00:00,1,1,1,1,0,1
2024-01-31 06:00:00+00:00,1,1,1,1,0,1
2024-01-31 15:00:00+00:00,1,1,1,1,0,1
2024-02-01 00:00:00+00:00,0,1,1,1,0,1
2024-02-01 21:00:00+00:00,0,1,1,1,0,1
2024-02-02 06:00:00+00:00,0,1,0,1,0,1
2024-02-04 09:00:00+00:00,0,1,0,1,0,0
2024-02-07 00:00:00+00:00,0,1,0,0,1,0
2024-02-08 00:00:00+00:00,0,1,1,0,1,0
2024-02-09 03:00:00+00:00,0,1,1,0,1,0
2024-02-09 09:00:00+00:00,0,1,1,1,1,0
2024-02-09 12:00:00+00:00,0,1,1,1,1,1
2024-02-09 21:00:00+00:00,1,1,1,1,1,1
2024-02-11 06:00:00+00:00,1,1,1,1,1,1
2024-02-11 15:00:00+00:00,1,1,1,1,1,1
2024-02-11 21:00:00+00:00,1,1,1,1,0,1
2024-02-12 03:00:00+00:00,0,1,1,1,0,1
2024-02-13 00:00:00+00:00,0,1,1,1,1,1
2024-02-13 03:00:00+00:00,0,1,1,1,1,1
2024-02-14 03:00:00+00:00,1,1,1,1,1,1
2024-02-14 12:00:00+00:00,1,1,1,1,1,1
2024-02-15 15:00:00+00:00,1,1,1,1,1,1
2024-02-16 06:00:00+00:00,1,1,1,1,1,1
2024-02-16 12:00:00+00:00,1,1,1,1,1,1
2024-02-16 21:00:00+00:00,1,1,1,1,1,0
2024-02-17 09:00:00+00:00,1,1,1,1,0,0
2024-02-17 15:00:00+00:00,1,1,0,1,0,0
2024-02-19 12:00:00+00:00,1,1,0,1,0,0
2024-02-19 18:00:00+00:00,1,1,0,1,1,0
2024-02-20 15:00:00+00:00,1,1,0,1,1,0
2024-02-21 12:00:00+00:00,0,1,0,1,1,0
2024-02-23 15:00:00+00:00,1,1,0,1,0,0
2024-02-24 09:00:00+00:00,1,1,0,1,0,0
2024-02-26 00:00:00+00:00,1,1,0,1,1,0
2024-02-26 09:00:00+00:00,1,1,0,1,1,0
2024-02-26 15:00:00+00:00,1,0,0,1,1,0
2024-02-26 21:00:00+00:00,0,0,1,1,1,0
2024-02-27 03:00:00+00:00,0,0,1,1,1,0
2024-02-27 09:00:00+00:00,0,0,1,1,1,0
2024-02-27 21:00:00+00:00,0,0,1,1,1,1
2024-02-28 09:00:00+00:00,0,0,1,1,1,1
2024-02-29 00:00:00+00:00,0,0,1,1,1,1
2024-02-29 12:00:00+00:00,1,0,1,1,1,1
2024-02-29 15:00:00+00:00,1,1,1,1,1,1
2024-03-02 15:00:00+00:00,1,1,1,1,1,1
2024-03-03 03:00:00+00:00,1,1,1,1,0,1
2024-03-04 03:00:00+00:00,1,1,0,1,0,1
2024-03-05 12:00:00+00:00,0,1,0,1,1,1
2024-03-05 18:00:00+00:00,0,1,0,1,1,1
2024-03-06 15:00:00+00:00,0,1,0,1,1,1
2024-03-07 00:00:00+00:00,1,1,0,1,1,0
2024-03-07 03:00:00+00:00,1,1,0,1,1,0
2024-03-08 09:00:00+00:00,1,1,0,1,1,1
2024-03-10 03:00:00+00:00,1,1,0,1,1,1
2024-03-11 18:00:00+00:00,0,1,0,1,0,1
2024-03-13 09:00:00+00:00,1,1,0,1,0,0
2024-03-13 15:00:00+00:00,1,1,0,1,0,0
2024-03-14 12:00:00+00:00,1,1,0,1,0,1
2024-03-14 18:00:00+00:00,1,1,0,1,0,1
2024-03-15 06:00:00+00:00,1,1,0,1,0,1
2024-03-15 15:00:00+00:00,0,1,0,1,0,1
2024-03-16 09:00:00+00:00,0,0,0,1,0,1
2024-03-20 03:00:00+00:00,0,0,0,1,0,1
2024-03-21 09:00:00+00:00,1,0,0,1,0,0
2024-03-22 00:00:00+00:00,1,0,0,1,1,0
2024-03-22 15:00:00+00:00,1,0,0,1,1,0
2024-03-24 00:00:00+00:00,1,0,0,1,1,0
2024-03-26 06:00:00+00:00,1,0,1,1,0,0
2024-03-26 09:00:00+00:00,1,0,1,0,0,0
2024-03-27 15:00:00+00:00,1,0,1,0,0,0
2024-03-27 21:00:00+00:00,1,0,1,0,0,0
2024-03-30 18:00:00+00:00,0,0,1,0,0,0
2024-04-01 00:00:00+00:00,0,0,0,0,0,1
2024-04-01 06:00:00+00:00,0,0,0,0,0,1
2024-04-01 15:00:00+00:00,0,0,0,0,0,1
2024-04-02 03:00:00+00:00,0,0,0,0,0,0
2024-04-02 09:00:00+00:00,0,0,0,0,0,0
2024-04-07 06:00:00+00:00,1,0,0,0,0,0
2024-04-08 18:00:00+00:00,1,0,0,0,0,0
2024-04-08 21:00:00+00:00,1,0,0,0,1,0
2024-04-09 03:00:00+00:00,1,0,1,0,1,0
2024-04-09 09:00:00+00:00,1,0,1,0,1,0
2024-04-09 18:00:00+00:00,1,0,1,0,1,0
2024-04-11 09:00:00+00:00,1,0,1,0,1,0
2024-04-13 18:00:00+00:00,0,0,1,0,1,0
2024-04-13 21:00:00+00:00,0,0,1,0,0,0
2024-04-20 21:00:00+00:00,1,0,0,0,0,0
2024-04-21 12:00:00+00:00,1,0,0,0,0,1
2024-04-23 00:00:00+00:00,1,0,0,0,0,1
2024-04-24 15:00:00+00:00,1,0,0,0,0,1
2024-04-25 15:00:00+00:00,0,0,0,0,0,1
2024-04-27 00:00:00+00:00,0,0,0,0,0,1
2024-05-03 15:00:00+00:00,1,0,0,0,0,0
2024-05-04 00:00:00+00:00,1,0,1,0,0,0
2024-05-04 06:00:00+00:00,1,0,1,0,0,1
2024-05-07 09:00:00+00:00,1,0,1,0,0,1
2024-05-08 09:00:00+00:00,1,0,1,0,0,1
2024-05-08 12:00:00+00:00,1,0,0,0,0,1
2024-05-12 12:00:00+00:00,0,0,0,0,0,1
2024-05-15 18:00:00+00:00,0,1,1,0,0,0
2024-05-15 21:00:00+00:00,1,1,1,0,0,0
2024-05-16 03:00:00+00:00,1,1,1,0,0,1
2024-05-16 09:00:00+00:00,1,1,1,0,1,1
2024-05-16 15:00:00+00:00,1,1,1,0,1,1
2024-05-20 00:00:00+00:00,1,1,1,0,1,1
2024-05-20 06:00:00+00:00,1,1,0,0,1,1
2024-05-20 21:00:00+00:00,1,1,0,0,1,1
2024-05-21 00:00:00+00:00,1,1,0,1,1,1
2024-05-21 06:00:00+00:00,1,1,1,1,1,1
2024-05-21 21:00:00+00:00,1,1,1,1,1,1
2024-05-23 15:00:00+00:00,1,1,1,1,1,1
2024-05-23 21:00:00+00:00,1,1,0,1,1,1
2024-05-25 00:00:00+00:00,0,1,0,1,1,1
2024-05-25 03:00:00+00:00,1,1,0,1,1,0
2024-05-28 12:00:00+00:00,1,1,0,1,1,0
2024-05-30 18:00:00+00:00,0,1,0,1,1,0
2024-05-31 12:00:00+00:00,0,1,0,1,0,0
2024-06-01 06:00:00+00:00,0,0,0,1,0,0
2024-06-04 18:00:00+00:00,0,0,1,1,0,0
2024-06-05 06:00:00+00:00,0,0,1,1,0,1
2024-06-06 21:00:00+00:00,0,0,1,1,0,1
2024-06-07 18:00:00+00:00,0,1,1,1,0,1
2024-06-07 21:00:00+00:00,0,1,1,1,0,1
2024-06-08 15:00:00+00:00,0,1,1,1,0,0
2024-06-09 06:00:00+00:00,0,0,1,1,0,0
2024-06-11 18:00:00+00:00,0,0,0,1,0,0
2024-06-19 21:00:00+00:00,1,0,0,0,0,0
2024-06-21 03:00:00+00:00,1,0,0,0,0,0
2024-06-22 00:00:00+00:00,1,0,0,0,0,0
2024-06-25 03:00:00+00:00,1,0,0,0,0,0
2024-06-26 03:00:00+00:00,1,0,0,0,0,1
2024-07-02 03:00:00+00:00,1,1,0,0,0,1
2024-07-03 12:00:00+00:00,1,1,0,0,0,1
2024-07-04 03:00:00+00:00,1,1,0,0,0,1
2024-07-06 12:00:00+00:00,1,1,0,0,0,0
2024-07-12 21:00:00+00:00,1,1,0,0,0,0
2024-07-15 09:00:00+00:00,1,1,0,0,1,1
2024-07-15 15:00:00+00:00,1,1,0,0,1,1
2024-07-16 06:00:00+00:00,1,1,0,0,1,1
2024-07-17 00:00:00+00:00,1,1,1,0,1,1
2024-07-19 15:00:00+00:00,1,1,1,0,1,1
2024-07-20 18:00:00+00:00,1,1,1,0,1,1
2024-07-23 18:00:00+00:00,1,1,1,0,1,1
2024-07-23 21:00:00+00:00,1,1,1,0,1,1
2024-07-24 12:00:00+00:00,1,1,1,0,1,0
2024-07-25 03:00:00+00:00,0,1,1,0,1,0
2024-07-26 12:00:00+00:00,0,1,1,0,1,0
2024-07-28 09:00:00+00:00,0,0,1,0,1,1
2024-07-28 15:00:00+00:00,0,0,1,0,1,1
2024-07-30 03:00:00+00:00,0,0,1,0,0,1
2024-07-31 18:00:00+00:00,1,0,1,0,0,0
2024-08-04 03:00:00+00:00,1,0,1,0,0,0
2024-08-04 18:00:00+00:00,0,0,1,0,0,0
2024-08-05 03:00:00+00:00,0,0,1,0,0,0
2024-08-08 03:00:00+00:00,1,0,0,0,0,0
2024-08-08 12:00:00+00:00,1,0,0,0,0,0
2024-08-08 18:00:00+00:00,1,0,0,0,0,1
2024-08-09 09:00:00+00:00,1,0,0,0,0,1
2024-08-11 15:00:00+00:00,0,0,0,0,0,1
2024-08-13 18:00:00+00:00,0,0,0,1,0,1
2024-08-14 15:00:00+00:00,0,0,0,1,0,1
2024-08-15 06:00:00+00:00,0,0,0,1,0,1
2024-08-16 09:00:00+00:00,1,0,0,1,0,0
2024-08-16 18:00:00+00:00,1,0,0,1,0,0
2024-08-20 03:00:00+00:00,1,0,0,1,0,0
2024-08-20 06:00:00+00:00,1,0,0,1,0,1
2024-08-20 15:00:00+00:00,1,0,0,1,0,1
2024-08-21 06:00:00+00:00,1,1,0,1,0,1
2024-08-23 18:00:00+00:00,1,1,0,1,1,1
2024-08-24 03:00:00+00:00,1,1,0,1,1,1
2024-08-24 09:00:00+00:00,1,1,0,1,1,1
2024-08-24 18:00:00+00:00,0,1,0,1,1,1
2024-08-27 00:00:00+00:00,0,1,0,1,1,1
2024-08-27 15:00:00+00:00,0,1,0,1,1,1
2024-08-28 00:00:00+00:00,0,1,0,1,1,1
2024-08-28 09:00:00+00:00,0,1,0,1,1,1
2024-08-28 15:00:00+00:00,0,1,0,1,0,1
2024-08-29 03:00:00+00:00,0,1,0,1,0,0
2024-09-02 21:00:00+00:00,0,1,0,0,0,0
2024-09-03 09:00:00+00:00,0,0,0,0,0,0
2024-09-04 21:00:00+00:00,1,0,0,0,0,0
2024-09-06 06:00:00+00:00,1,0,0,0,0,0
2024-09-06 21:00:00+00:00,1,0,0,0,0,0
2024-09-09 18:00:00+00:00,1,0,1,1,0,0
2024-09-10 06:00:00+00:00,1,0,1,1,0,1
2024-09-11 06:00:00+00:00,1,0,1,1,0,1
2024-09-11 09:00:00+00:00,1,0,1,1,0,1
2024-09-11 15:00:00+00:00,1,0,1,1,0,1
2024-09-12 21:00:00+00:00,1,1,1,1,0,1
2024-09-13 15:00:00+00:00,1,1,1,1,0,1
2024-09-13 18:00:00+00:00,1,1,1,1,0,1
2024-09-14 21:00:00+00:00,0,1,1,1,0,1
2024-09-15 21:00:00+00:00,0,1,1,1,0,1
2024-09-16 00:00:00+00:00,0,1,1,1,0,1
2024-09-16 12:00:00+00:00,0,1,1,1,0,1
2024-09-18 15:00:00+00:00,0,1,0,1,0,1
2024-09-19 03:00:00+00:00,0,1,0,1,0,0
2024-09-19 09:00:00+00:00,0,1,1,1,0,0
2024-09-20 06:00:00+00:00,0,1,1,1,0,0
2024-09-21 00:00:00+00:00,1,1,1,1,0,0
2024-09-22 12:00:00+00:00,1,1,1,1,0,0
2024-09-23 06:00:00+00:00,1,1,0,1,0,0
2024-09-25 00:00:00+00:00,1,1,0,1,0,0
2024-09-26 00:00:00+00:00,1,1,0,1,0,0
2024-09-26 09:00:00+00:00,0,1,0,1,0,0
2024-09-28 00:00:00+00:00,0,1,1,1,0,0
2024-09-29 21:00:00+00:00,0,1,1,1,0,0
2024-10-05 03:00:00+00:00,0,1,0,1,0,0
2024-10-05 09:00:00+00:00,1,0,0,1,0,0
2024-10-08 18:00:00+00:00,1,0,0,1,0,0
2024-10-09 09:00:00+00:00,1,0,0,1,0,0
2024-10-12 12:00:00+00:00,0,0,1,1,0,0
2024-10-13 15:00:00+00:00,0,0,1,1,0,1
2024-10-14 09:00:00+00:00,1,0,1,1,0,1
2024-10-14 12:00:00+00:00,1,0,1,1,1,1
2024-10-15 15:00:00+00:00,1,0,1,1,1,1
2024-10-17 09:00:00+00:00,1,0,1,1,1,1
2024-10-17 21:00:00+00:00,0,0,1,1,1,1
2024-10-20 15:00:00+00:00,0,0,1,1,1,0
2024-10-21 00:00:00+00:00,0,1,0,1,1,1
2024-10-21 15:00:00+00:00,0,1,0,1,0,1
2024-10-26 00:00:00+00:00,0,1,0,1,0,1
2024-10-26 03:00:00+00:00,0,0,0,1,0,1
2024-10-28 09:00:00+00:00,1,0,0,1,0,0
2024-10-28 18:00:00+00:00,1,0,1,1,0,0
2024-10-29 12:00:00+00:00,1,0,1,1,0,1
2024-10-30 09:00:00+00:00,1,0,1,1,1,1
2024-10-30 15:00:00+00:00,1,0,1,1,1,1
2024-10-31 15:00:00+00:00,1,0,1,1,1,0
2024-10-31 18:00:00+00:00,1,0,1,1,1,0
2024-11-01 03:00:00+00:00,1,0,1,1,1,0
2024-11-01 06:00:00+00:00,1,0,0,1,1,0
2024-11-01 12:00:00+00:00,0,0,0,1,1,0
2024-11-06 06:00:00+00:00,1,0,0,1,0,0
2024-11-06 09:00:00+00:00,1,1,0,1,0,0
2024-11-06 12:00:00+00:00,1,1,1,1,0,0
2024-11-06 18:00:00+00:00,1,1,1,1,1,1
2024-11-07 18:00:00+00:00,1,1,1,1,1,1
2024-11-08 03:00:00+00:00,1,1,1,1,1,1
2024-11-10 06:00:00+00:00,1,1,1,1,1,1
2024-11-11 18:00:00+00:00,1,1,1,1,1,1
2024-11-14 00:00:00+00:00,0,1,1,1,1,1
2024-11-14 15:00:00+00:00,0,1,1,1,0,1
2024-11-14 21:00:00+00:00,0,1,1,1,0,0
2024-11-18 09:00:00+00:00,0,1,0,1,0,1
2024-11-18 21:00:00+00:00,0,1,0,1,0,1
2024-11-21 12:00:00+00:00,0,1,1,1,0,0
2024-11-22 03:00:00+00:00,0,1,1,1,1,0
2024-11-22 09:00:00+00:00,0,1,1,1,1,1
2024-11-24 00:00:00+00:00,0,1,1,1,1,1
2024-11-24 06:00:00+00:00,1,1,0,1,1,1
2024-11-24 12:00:00+00:00,1,1,0,1,1,1
2024-11-24 18:00:00+00:00,1,1,0,1,1,1
2024-11-26 09:00:00+00:00,1,1,0,1,1,0
2024-11-27 18:00:00+00:00,1,1,0,1,0,0
2024-11-28 03:00:00+00:00,1,1,0,1,1,0
2024-12-01 21:00:00+00:00,1,1,0,1,1,0
2024-12-02 00:00:00+00:00,1,1,0,1,1,0
2024-12-02 06:00:00+00:00,1,1,0,1,1,0
2024-12-02 09:00:00+00:00,1,1,0,0,1,0
2024-12-02 15:00:00+00:00,1,1,0,0,0,0
2024-12-02 18:00:00+00:00,1,0,0,0,0,0
2024-12-05 06:00:00+00:00,1,0,0,0,1,0
2024-12-06 00:00:00+00:00,1,0,0,0,1,0
2024-12-08 21:00:00+00:00,1,0,0,0,1,0
2024-12-09 09:00:00+00:00,1,0,0,0,0,0
2024-12-12 12:00:00+00:00,1,0,0,0,0,0
2024-12-12 18:00:00+00:00,1,0,0,0,1,0
2024-12-13 00:00:00+00:00,1,0,0,0,1,0
2024-12-13 18:00:00+00:00,1,0,1,0,1,0
2024-12-14 18:00:00+00:00,1,0,1,0,1,0
2024-12-15 12:00:00+00:00,1,0,1,0,0,0
2024-12-16 00:00:00+00:00,1,0,0,0,0,0
2024-12-16 18:00:00+00:00,0,0,1,0,0,0
2024-12-18 06:00:00+00:00,0,0,1,0,0,0
2024-12-19 18:00:00+00:00,0,0,1,0,0,0
2024-12-24 06:00:00+00:00,1,0,0,0,0,0
2024-12-26 06:00:00+00:00,1,0,0,0,0,0
2024-12-27 06:00:00+00:00,1,0,0,0,0,0
2024-12-29 18:00:00+00:00,0,0,0,0,0,1
2025-01-03 00:00:00+00:00,1,0,0,0,0,1
2025-01-03 12:00:00+00:00,1,0,1,0,0,1
2025-01-03 18:00:00+00:00,1,0,1,0,0,1
2025-01-03 21:00:00+00:00,1,0,1,0,1,1
2025-01-06 00:00:00+00:00,1,1,1,0,1,1
2025-01-06 15:00:00+00:00,1,1,1,0,1,1
2025-01-07 15:00:00+00:00,1,1,1,0,1,1
2025-01-07 18:00:00+00:00,0,1,1,0,0,1
2025-01-08 12:00:00+00:00,0,1,1,0,0,1
2025-01-08 21:00:00+00:00,0,1,1,0,0,1
2025-01-09 06:00:00+00:00,0,1,1,0,0,0
2025-01-12 03:00:00+00:00,0,1,0,0,1,0
2025-01-13 09:00:00+00:00,0,1,0,0,1,0
2025-01-13 12:00:00+00:00,0,1,0,0,1,0
2025-01-14 00:00:00+00:00,1,1,0,0,0,0
2025-01-15 12:00:00+00:00,1,1,0,1,0,0
2025-01-15 18:00:00+00:00,1,1,0,1,0,0
2025-01-16 00:00:00+00:00,1,1,1,1,0,1
2025-01-16 15:00:00+00:00,1,1,1,1,0,1
2025-01-17 09:00:00+00:00,1,1,1,1,0,1
2025-01-18 06:00:00+00:00,1,1,1,1,0,1
2025-01-24 00:00:00+00:00,1,1,1,1,0,1
2025-01-26 21:00:00+00:00,0,1,1,1,0,1
2025-01-27 00:00:00+00:00,0,1,1,1,0,0
2025-01-27 09:00:00+00:00,0,1,1,1,0,0
2025-01-28 00:00:00+00:00,0,0,1,1,0,0
2025-01-30 00:00:00+00:00,0,0,1,0,0,0
2025-01-30 12:00:00+00:00,0,0,0,0,1,0
2025-01-31 03:00:00+00:00,1,0,0,0,1,0
2025-01-31 18:00:00+00:00,1,0,0,0,1,0
2025-02-01 09:00:00+00:00,1,0,0,0,1,0
2025-02-01 12:00:00+00:00,1,0,0,0,1,0
2025-02-02 03:00:00+00:00,1,0,0,0,1,0
2025-02-02 18:00:00+00:00,0,0,0,0,1,0
2025-02-03 03:00:00+00:00,0,0,0,0,0,0
2025-02-03 15:00:00+00:00,0,0,0,0,0,0
2025-02-14 18:00:00+00:00,0,0,0,0,0,1
2025-02-15 00:00:00+00:00,0,0,0,0,0,1
2025-02-17 12:00:00+00:00,0,0,0,0,0,1
2025-02-17 15:00:00+00:00,1,0,0,0,0,0
2025-02-17 18:00:00+00:00,1,0,0,0,0,0
2025-02-22 18:00:00+00:00,1,0,0,0,0,0
2025-02-23 09:00:00+00:00,1,0,0,0,0,0
2025-02-24 06:00:00+00:00,1,0,0,0,0,0
2025-02-24 09:00:00+00:00,1,0,0,0,0,0
2025-03-02 18:00:00+00:00,0,0,0,0,0,1
2025-03-02 21:00:00+00:00,0,0,0,1,0,1
2025-03-03 03:00:00+00:00,0,1,0,1,0,1
2025-03-03 09:00:00+00:00,0,1,0,1,0,1
2025-03-05 03:00:00+00:00,0,1,0,1,0,1
2025-03-06 03:00:00+00:00,1,1,0,0,0,1
2025-03-06 06:00:00+00:00,1,1,0,1,0,1
2025-03-06 15:00:00+00:00,1,1,0,1,0,1
2025-03-06 18:00:00+00:00,1,1,0,1,0,1
2025-03-08 18:00:00+00:00,1,1,0,1,0,1
2025-03-09 00:00:00+00:00,0,1,0,1,0,1
2025-03-10 00:00:00+00:00,0,1,0,0,0,1
2025-03-15 06:00:00+00:00,0,1,0,0,0,0
2025-03-15 15:00:00+00:00,0,0,0,0,0,1
2025-03-16 12:00:00+00:00,0,0,0,0,0,1
2025-03-20 00:00:00+00:00,0,0,0,0,0,1
2025-03-20 06:00:00+00:00,0,0,0,0,1,1
2025-03-20 18:00:00+00:00,0,0,0,0,1,1
2025-03-21 15:00:00+00:00,0,0,0,0,1,1
2025-03-22 00:00:00+00:00,1,0,0,0,0,1
2025-03-24 15:00:00+00:00,1,0,0,1,0,1
2025-03-24 18:00:00+00:00,1,0,0,1,1,1
2025-03-26 09:00:00+00:00,1,0,0,1,1,1
2025-03-26 12:00:00+00:00,1,0,0,1,1,1
2025-03-27 03:00:00+00:00,1,1,0,1,0,1
2025-03-27 12:00:00+00:00,1,1,0,1,0,1
2025-03-28 06:00:00+00:00,0,1,0,1,0,1
2025-03-28 18:00:00+00:00,0,1,0,1,0,1
2025-03-29 09:00:00+00:00,0,1,0,0,0,1
2025-03-31 03:00:00+00:00,0,1,0,0,0,0
2025-04-01 09:00:00+00:00,0,0,1,0,0,0
2025-04-03 00:00:00+00:00,0,0,1,0,0,0
2025-04-03 21:00:00+00:00,0,0,1,0,0,0
2025-04-08 18:00:00+00:00,0,0,0,0,0,0
2025-04-09 21:00:00+00:00,0,0,1,0,0,0
2025-04-10 15:00:00+00:00,0,0,1,0,0,0
2025-04-15 03:00:00+00:00,0,0,1,0,0,0
2025-04-17 18:00:00+00:00,0,0,0,0,0,1
2025-04-17 21:00:00+00:00,0,0,0,0,0,1
2025-04-21 15:00:00+00:00,0,0,1,0,0,1
2025-04-21 18:00:00+00:00,0,0,1,0,0,1
2025-04-22 15:00:00+00:00,0,1,1,0,0,1
2025-04-22 18:00:00+00:00,0,1,1,0,0,1
2025-04-23 00:00:00+00:00,1,1,1,0,0,1
2025-04-23 03:00:00+00:00,1,1,1,0,0,1
2025-04-23 06:00:00+00:00,1,1,1,0,0,1
2025-04-23 15:00:00+00:00,1,1,1,0,0,1
2025-04-25 09:00:00+00:00,1,1,1,0,0,1
2025-05-01 18:00:00+00:00,1,1,1,0,0,1
2025-05-02 00:00:00+00:00,1,1,1,1,0,1
2025-05-03 00:00:00+00:00,1,1,1,1,1,1
2025-05-03 03:00:00+00:00,1,1,1,1,1,1
2025-05-03 15:00:00+00:00,1,1,1,1,0,1
2025-05-03 18:00:00+00:00,1,1,0,1,0,1
2025-05-05 06:00:00+00:00,1,1,0,0,0,1
2025-05-07 03:00:00+00:00,1,1,1,0,0,0
2025-05-07 15:00:00+00:00,1,1,1,1,0,0
2025-05-08 09:00:00+00:00,1,1,1,1,1,0
2025-05-08 15:00:00+00:00,1,1,1,1,1,0
2025-05-08 18:00:00+00:00,1,1,1,1,1,0
2025-05-11 00:00:00+00:00,1,1,1,1,1,0
2025-05-12 15:00:00+00:00,1,1,0,1,1,0
2025-05-13 03:00:00+00:00,1,1,0,0,1,1
2025-05-13 21:00:00+00:00,1,1,0,0,1,1
2025-05-15 09:00:00+00:00,1,1,0,0,1,1
2025-05-19 00:00:00+00:00,1,1,1,1,0,1
2025-05-19 03:00:00+00:00,1,1,1,1,0,1
2025-05-19 09:00:00+00:00,1,1,1,1,0,1
2025-05-20 09:00:00+00:00,1,1,1,1,0,1
2025-05-20 21:00:00+00:00,1,1,1,0,0,1
2025-05-22 03:00:00+00:00,1,1,1,1,0,1
2025-05-23 03:00:00+00:00,1,1,1,1,1,1
2025-05-23 12:00:00+00:00,1,1,1,1,1,1
2025-05-23 15:00:00+00:00,1,1,1,1,1,1
2025-05-23 21:00:00+00:00,1,1,1,1,0,1
2025-05-24 00:00:00+00:00,1,1,0,1,0,1
2025-05-24 03:00:00+00:00,1,1,0,1,0,1
2025-05-24 09:00:00+00:00,1,1,0,0,0,1
2025-05-26 09:00:00+00:00,1,1,0,0,0,0
2025-05-29 03:00:00+00:00,1,0,0,0,1,0
2025-05-29 15:00:00+00:00,1,0,0,0,1,0
2025-05-30 09:00:00+00:00,1,0,0,0,1,0
2025-06-02 03:00:00+00:00,1,0,0,0,0,0
2025-06-02 15:00:00+00:00,0,0,0,0,1,0
2025-06-05 09:00:00+00:00,0,0,0,0,1,0
2025-06-07 03:00:00+00:00,0,0,1,0,0,0
2025-06-07 15:00:00+00:00,0,0,1,0,1,0
2025-06-10 00:00:00+00:00,0,0,1,0,1,1
2025-06-10 06:00:00+00:00,0,0,1,0,1,1
2025-06-11 03:00:00+00:00,0,0,1,0,1,1
2025-06-12 06:00:00+00:00,0,0,1,0,1,1
2025-06-12 09:00:00+00:00,0,0,0,0,1,1
2025-06-13 12:00:00+00:00,0,0,0,0,0,1
2025-06-16 03:00:00+00:00,0,0,0,0,1,0
2025-06-17 18:00:00+00:00,0,0,0,0,1,0
2025-06-17 21:00:00+00:00,0,0,0,0,1,0
2025-06-23 21:00:00+00:00,0,0,0,0,1,0
2025-06-24 00:00:00+00:00,0,0,1,0,1,0
2025-06-24 18:00:00+00:00,0,0,1,0,1,1
2025-06-26 21:00:00+00:00,0,0,1,0,1,1
2025-06-27 15:00:00+00:00,0,0,1,0,0,1
2025-06-30 00:00:00+00:00,0,0,0,0,0,1
2025-06-30 18:00:00+00:00,0,0,0,0,0,1
2025-07-01 00:00:00+00:00,0,0,1,0,0,1
2025-07-02 21:00:00+00:00,0,0,1,0,1,1
2025-07-03 00:00:00+00:00,0,0,1,1,1,1
2025-07-04 15:00:00+00:00,0,0,1,1,1,1
2025-07-04 18:00:00+00:00,0,0,1,1,0,1
2025-07-07 00:00:00+00:00,0,0,1,1,0,1
2025-07-07 18:00:00+00:00,0,0,1,1,0,1
2025-07-08 12:00:00+00:00,0,0,1,1,0,1
2025-07-09 00:00:00+00:00,1,0,1,0,0,1
2025-07-09 21:00:00+00:00,1,1,1,0,1,1
2025-07-10 00:00:00+00:00,1,1,1,1,1,1
2025-07-11 00:00:00+00:00,1,1,1,1,1,1
2025-07-11 15:00:00+00:00,1,1,1,1,1,1
2025-07-12 12:00:00+00:00,1,1,1,1,1,1
2025-07-13 00:00:00+00:00,1,1,1,1,0,1
2025-07-14 06:00:00+00:00,1,1,1,0,0,1
2025-07-16 21:00:00+00:00,1,1,1,1,1,1
2025-07-18 06:00:00+00:00,1,1,1,1,1,1
2025-07-19 00:00:00+00:00,1,1,1,1,1,1
2025-07-22 06:00:00+00:00,1,1,1,1,0,1
2025-07-24 06:00:00+00:00,1,1,1,0,0,1
2025-07-25 21:00:00+00:00,1,1,1,0,0,1
2025-07-26 18:00:00+00:00,1,1,0,0,0,1
2025-07-28 00:00:00+00:00,0,1,0,0,1,1
2025-07-28 12:00:00+00:00,0,1,0,0,1,1
2025-07-29 00:00:00+00:00,0,1,0,0,1,0
2025-07-31 03:00:00+00:00,0,1,0,0,0,0
2025-08-02 03:00:00+00:00,0,0,0,0,0,0
2025-08-04 03:00:00+00:00,0,0,0,0,1,0
2025-08-07 12:00:00+00:00,0,0,0,0,1,0
2025-08-07 21:00:00+00:00,0,0,1,0,1,0
2025-08-10 03:00:00+00:00,0,0,1,0,1,0
2025-08-10 21:00:00+00:00,0,0,0,0,1,0
2025-08-11 03:00:00+00:00,0,0,1,0,0,0
2025-08-12 15:00:00+00:00,0,0,1,0,0,0
2025-08-13 03:00:00+00:00,0,0,0,0,1,0
2025-08-13 21:00:00+00:00,0,0,1,0,1,0
2025-08-14 03:00:00+00:00,0,0,1,0,1,1
2025-08-14 09:00:00+00:00,0,0,1,1,1,1
2025-08-14 15:00:00+00:00,0,0,1,1,1,1
2025-08-14 18:00:00+00:00,0,0,1,1,1,1
2025-08-19 21:00:00+00:00,0,1,0,1,0,1
2025-08-21 00:00:00+00:00,0,1,0,1,0,1
2025-08-22 21:00:00+00:00,1,1,0,0,1,1
2025-08-23 00:00:00+00:00,1,1,0,0,1,1
2025-08-23 03:00:00+00:00,1,1,1,0,1,1
2025-08-23 15:00:00+00:00,1,1,1,0,1,1
2025-08-24 21:00:00+00:00,1,1,1,0,1,1
2025-08-25 03:00:00+00:00,1,1,0,0,1,1
2025-08-25 18:00:00+00:00,1,1,0,0,0,1
2025-08-27 15:00:00+00:00,1,1,1,0,0,1
2025-08-29 18:00:00+00:00,1,1,1,0,0,1
2025-08-29 21:00:00+00:00,1,1,0,0,0,1
2025-08-31 03:00:00+00:00,1,0,0,0,0,1
2025-09-05 18:00:00+00:00,1,0,0,0,0,0
2025-09-08 21:00:00+00:00,0,0,0,1,0,0
2025-09-09 15:00:00+00:00,0,0,0,1,0,0
2025-09-10 15:00:00+00:00,0,0,1,1,0,0
2025-09-11 00:00:00+00:00,0,0,1,1,0,1
2025-09-11 21:00:00+00:00,0,0,1,1,1,1
2025-09-12 18:00:00+00:00,0,0,1,1,1,1
2025-09-16 00:00:00+00:00,0,0,1,1,1,1
2025-09-17 06:00:00+00:00,0,1,1,1,0,1
2025-09-18 18:00:00+00:00,0,1,1,1,0,1
2025-09-22 03:00:00+00:00,0,1,1,1,0,1
2025-09-22 09:00:00+00:00,0,1,1,1,0,1
2025-09-23 12:00:00+00:00,0,1,1,1,0,1
2025-09-24 18:00:00+00:00,0,1,1,0,0,1
2025-09-25 09:00:00+00:00,0,1,1,0,0,0
2025-09-25 18:00:00+00:00,0,0,1,0,0,0
2025-09-27 06:00:00+00:00,0,0,1,0,0,0
2025-10-01 15:00:00+00:00,0,0,0,0,1,0
2025-10-02 00:00:00+00:00,0,0,0,0,1,1
2025-10-03 18:00:00+00:00,0,0,0,0,1,1
2025-10-04 03:00:00+00:00,0,0,0,0,1,1
2025-10-05 18:00:00+00:00,0,0,0,0,0,1
2025-10-07 21:00:00+00:00,0,0,0,0,0,1
2025-10-10 06:00:00+00:00,0,0,0,1,0,0
2025-10-10 18:00:00+00:00,0,0,0,1,0,0
2025-10-11 15:00:00+00:00,0,0,0,1,0,0
2025-10-12 15:00:00+00:00,0,0,0,0,1,0
2025-10-13 21:00:00+00:00,0,0,1,0,1,0
2025-10-14 12:00:00+00:00,0,0,1,0,1,0
2025-10-15 03:00:00+00:00,0,0,1,0,1,0
2025-10-16 18:00:00+00:00,0,0,1,0,0,0
2025-10-24 09:00:00+00:00,0,0,0,0,0,1
2025-10-27 00:00:00+00:00,0,0,0,0,1,1
2025-10-27 18:00:00+00:00,0,0,1,0,1,1
2025-10-28 12:00:00+00:00,0,0,1,0,1,1
2025-10-29 06:00:00+00:00,0,0,1,0,0,1
2025-10-30 15:00:00+00:00,0,0,0,0,0,1
2025-10-30 21:00:00+00:00,0,0,0,0,0,1
2025-11-10 03:00:00+00:00,0,0,1,0,0,0
2025-11-11 03:00:00+00:00,1,0,1,0,0,0
2025-11-11 06:00:00+00:00,1,0,1,0,0,0
2025-11-11 18:00:00+00:00,1,0,1,0,0,0
2025-11-12 21:00:00+00:00,1,0,1,0,0,0
2025-11-15 03:00:00+00:00,1,0,0,0,0,0
2025-11-27 00:00:00+00:00,0,0,1,0,0,0
2025-11-30 03:00:00+00:00,0,0,1,0,0,0
